{"count":1,"self":276.8579328,"total":1611.8054582999998,"children":{"InitializeActuators":{"count":2,"self":0.0020001999999999997,"total":0.0020001999999999997,"children":null},"InitializeSensors":{"count":2,"self":0.0039997999999999995,"total":0.0039997999999999995,"children":null},"AgentSendState":{"count":1000334,"self":10.1849472,"total":77.278598,"children":{"CollectObservations":{"count":200067,"self":0.16148579999999998,"total":0.16148579999999998,"children":null},"WriteActionMask":{"count":200067,"self":0.1898676,"total":0.1898676,"children":null},"RequestDecision":{"count":200067,"self":0.9961981,"total":66.742297499999992,"children":{"AgentInfo.ToProto":{"count":200067,"self":1.1703953,"total":65.746099399999991,"children":{"GenerateSensorData":{"count":200067,"self":63.744236799999996,"total":64.5757041,"children":{"RayPerceptionSensor.Perceive":{"count":600201,"self":0.8314649,"total":0.8314649,"children":null}}}}}}}}},"DecideAction":{"count":1000334,"self":1256.2808831999998,"total":1256.2809032,"children":null},"AgentAct":{"count":1000334,"self":1.3810292,"total":1.3810292,"children":null}},"gauges":{},"metadata":{"timer_format_version":"0.1.0","start_time_seconds":"1654614950","unity_version":"2020.3.28f1","command_line_arguments":"C:\\Users\\jorik\\Documents\\School\\Jaar 2\\3D prog\\2020.3.28f1\\Editor\\Unity.exe -projectpath C:\/Users\/jorik\/Documents\/School\/Jaar2\/SEM2\/VR OPDRACHT\/groepswerk-DarwinAnim8or\/VR_Project_BombGunner -useHub -hubIPC -cloudEnvironment production -hubSessionId 170c9600-e66c-11ec-a3ef-e7339c0591b4 -accessToken 9VVeid4RFCxTKZqMGEBxvZTZpmeQQg6Ma93u34D7KuM012f","communication_protocol_version":"1.5.0","com.unity.ml-agents_version":"2.0.1","scene_name":"ArtAssets_Preview","end_time_seconds":"1654616562"}}