{
    "name": "root",
    "metadata": {
        "timer_format_version": "0.1.0",
        "start_time_seconds": "1652780829",
        "python_version": "3.9.2 (tags/v3.9.2:1a79785, Feb 19 2021, 13:44:55) [MSC v.1928 64 bit (AMD64)]",
        "command_line_arguments": "C:\\Users\\selle\\AppData\\Roaming\\Python\\Python39\\Scripts\\mlagents-learn config/Shooter.yaml --run-id=Test11",
        "mlagents_version": "0.28.0",
        "mlagents_envs_version": "0.28.0",
        "communication_protocol_version": "1.5.0",
        "pytorch_version": "1.7.1+cu110",
        "numpy_version": "1.20.1",
        "end_time_seconds": "1652780945"
    },
    "total": 116.01747730000001,
    "count": 1,
    "self": 0.006596600000008834,
    "children": {
        "run_training.setup": {
            "total": 0.09140979999999987,
            "count": 1,
            "self": 0.09140979999999987
        },
        "TrainerController.start_learning": {
            "total": 115.91947090000001,
            "count": 1,
            "self": 0.10578589999946075,
            "children": {
                "TrainerController._reset_env": {
                    "total": 11.0427094,
                    "count": 1,
                    "self": 11.0427094
                },
                "TrainerController.advance": {
                    "total": 104.65844450000054,
                    "count": 4768,
                    "self": 0.07966810000019109,
                    "children": {
                        "env_step": {
                            "total": 72.10624590000019,
                            "count": 4768,
                            "self": 64.47785670000026,
                            "children": {
                                "SubprocessEnvManager._take_step": {
                                    "total": 7.541906300000308,
                                    "count": 4768,
                                    "self": 0.35941180000061124,
                                    "children": {
                                        "TorchPolicy.evaluate": {
                                            "total": 7.182494499999697,
                                            "count": 4707,
                                            "self": 0.8812714999994853,
                                            "children": {
                                                "TorchPolicy.sample_actions": {
                                                    "total": 6.301223000000212,
                                                    "count": 4707,
                                                    "self": 6.301223000000212
                                                }
                                            }
                                        }
                                    }
                                },
                                "workers": {
                                    "total": 0.08648289999962167,
                                    "count": 4767,
                                    "self": 0.0,
                                    "children": {
                                        "worker_root": {
                                            "total": 101.76279210000044,
                                            "count": 4767,
                                            "is_parallel": true,
                                            "self": 46.767001299999905,
                                            "children": {
                                                "steps_from_proto": {
                                                    "total": 0.019212300000001292,
                                                    "count": 1,
                                                    "is_parallel": true,
                                                    "self": 0.0001841000000002424,
                                                    "children": {
                                                        "_process_maybe_compressed_observation": {
                                                            "total": 0.018920500000000118,
                                                            "count": 2,
                                                            "is_parallel": true,
                                                            "self": 5.160000000081766e-05,
                                                            "children": {
                                                                "_observation_to_np_array": {
                                                                    "total": 0.0188688999999993,
                                                                    "count": 1,
                                                                    "is_parallel": true,
                                                                    "self": 3.489999999928273e-05,
                                                                    "children": {
                                                                        "process_pixels": {
                                                                            "total": 0.018834000000000017,
                                                                            "count": 1,
                                                                            "is_parallel": true,
                                                                            "self": 0.0008201999999997156,
                                                                            "children": {
                                                                                "image_decompress": {
                                                                                    "total": 0.018013800000000302,
                                                                                    "count": 2,
                                                                                    "is_parallel": true,
                                                                                    "self": 0.018013800000000302
                                                                                }
                                                                            }
                                                                        }
                                                                    }
                                                                }
                                                            }
                                                        },
                                                        "_process_rank_one_or_two_observation": {
                                                            "total": 0.00010770000000093205,
                                                            "count": 2,
                                                            "is_parallel": true,
                                                            "self": 0.00010770000000093205
                                                        }
                                                    }
                                                },
                                                "UnityEnvironment.step": {
                                                    "total": 54.976578500000535,
                                                    "count": 4767,
                                                    "is_parallel": true,
                                                    "self": 0.5291379999999606,
                                                    "children": {
                                                        "UnityEnvironment._generate_step_input": {
                                                            "total": 0.4556325999998716,
                                                            "count": 4767,
                                                            "is_parallel": true,