{
    "name": "root",
    "metadata": {
        "timer_format_version": "0.1.0",
        "start_time_seconds": "1653386066",
        "python_version": "3.9.2 (tags/v3.9.2:1a79785, Feb 19 2021, 13:44:55) [MSC v.1928 64 bit (AMD64)]",
        "command_line_arguments": "C:\\Users\\selle\\AppData\\Roaming\\Python\\Python39\\Scripts\\mlagents-learn config/Shooter.yaml --run-id=Test28",
        "mlagents_version": "0.28.0",
        "mlagents_envs_version": "0.28.0",
        "communication_protocol_version": "1.5.0",
        "pytorch_version": "1.7.1+cu110",
        "numpy_version": "1.20.1",
        "end_time_seconds": "1653386125"
    },
    "total": 59.0971152,
    "count": 1,
    "self": 0.006298000000001025,
    "children": {
        "run_training.setup": {
            "total": 0.09787799999999991,
            "count": 1,
            "self": 0.09787799999999991
        },
        "TrainerController.start_learning": {
            "total": 58.992939199999995,
            "count": 1,
            "self": 0.09832900000002809,
            "children": {
                "TrainerController._reset_env": {
                    "total": 6.1353782,
                    "count": 1,
                    "self": 6.1353782
                },
                "TrainerController.advance": {
                    "total": 52.68396919999997,
                    "count": 5282,
                    "self": 0.07630090000047574,
                    "children": {
                        "env_step": {
                            "total": 46.06601849999973,
                            "count": 5282,
                            "self": 42.63010180000004,
                            "children": {
                                "SubprocessEnvManager._take_step": {
                                    "total": 3.3744091999999677,
                                    "count": 5282,
                                    "self": 0.2780350999995136,
                                    "children": {
                                        "TorchPolicy.evaluate": {
                                            "total": 3.096374100000454,
                                            "count": 4867,
                                            "self": 0.6886691000004017,
                                            "children": {
                                                "TorchPolicy.sample_actions": {
                                                    "total": 2.4077050000000524,
                                                    "count": 4867,
                                                    "self": 2.4077050000000524
                                                }
                                            }
                                        }
                                    }
                                },
                                "workers": {
                                    "total": 0.06150749999971694,
                                    "count": 5281,
                                    "self": 0.0,
                                    "children": {
                                        "worker_root": {
                                            "total": 45.333817799999736,
                                            "count": 5281,
                                            "is_parallel": true,
                                            "self": 14.455803099999692,
                                            "children": {
                                                "steps_from_proto": {
                                                    "total": 0.00026190000000081426,
                                                    "count": 1,
                                                    "is_parallel": true,
                                                    "self": 9.63000000009373e-05,
                                                    "children": {
                                                        "_process_rank_one_or_two_observation": {
                                                            "total": 0.00016559999999987696,
                                                            "count": 4,
                                                            "is_parallel": true,
                                                            "self": 0.00016559999999987696
                                                        }
                                                    }
                                                },
                                                "UnityEnvironment.step": {
                                                    "total": 30.877752800000042,
                                                    "count": 5281,
                                                    "is_parallel": true,
                                                    "self": 0.4359857000000851,
                                                    "children": {
                                                        "UnityEnvironment._generate_step_input": {
                                                            "total": 0.3502603000001283,
                                                            "count": 5281,
                                                            "is_parallel": true,
                                                            "self": 0.3502603000001283
                                                        },
                                                        "communicator.exchange": {
                                                            "total": 28.75407810000003,
                                                            "count": 5281,
                                                            "is_parallel": true,
                                                            "self": 28.75407810000003
                                                        },
                                                        "steps_from_proto": {
                                                            "total": 1.3374286999997977,
                                                            "count": 5281,
                                                            "is_parallel": true,
                                                            "self": 0.5572111999998954,
                                                            "children": {
                                                                "_process_rank_one_or_two_observation": {
                                                                    "total": 0.7802174999999023,
                                                                    "count": 21124,
                                                                    "is_parallel": true,
                                                                    "self": 0.7802174999999023
                                                                }
                                                            }
                                                        }
                                                    }
                                                }
                                            }
                                        }
                                    }
                                }
                            }
                        },
                        "trainer_advance": {
                            "total": 6.541649799999765,
                            "count": 5281,
                            "self": 0.11917309999968317,
                            "children": {
                                "process_trajectory": {
                                    "total": 0.7756400000000818,
                                    "count": 5281,
                                    "self": 0.7756400000000818
                                },