{
    "name": "root",
    "gauges": {
        "Shooter.Policy.Entropy.mean": {
            "value": 1.4118621349334717,
            "min": 1.4118621349334717,
            "max": 1.4118621349334717,
            "count": 1
        },
        "Shooter.Policy.Entropy.sum": {
            "value": 7125.66796875,
            "min": 7125.66796875,
            "max": 7125.66796875,
            "count": 1
        },
        "Shooter.Step.mean": {
            "value": 4983.0,
            "min": 4983.0,
            "max": 4983.0,
            "count": 1
        },
        "Shooter.Step.sum": {
            "value": 4983.0,
            "min": 4983.0,
            "max": 4983.0,
            "count": 1
        },
        "Shooter.Policy.ExtrinsicValueEstimate.mean": {
            "value": 1.3640649740409572e-05,
            "min": 1.3640649740409572e-05,
            "max": 1.3640649740409572e-05,
            "count": 1
        },
        "Shooter.Policy.ExtrinsicValueEstimate.sum": {
            "value": 0.0011185333132743835,
            "min": 0.0011185333132743835,
            "max": 0.0011185333132743835,
            "count": 1
        },
        "Shooter.Losses.PolicyLoss.mean": {
            "value": 0.23733654389134382,
            "min": 0.23733654389134382,
            "max": 0.23733654389134382,
            "count": 1
        },
        "Shooter.Losses.PolicyLoss.sum": {
            "value": 9.25612521176241,
            "min": 9.25612521176241,
            "max": 9.25612521176241,
            "count": 1
        },
        "Shooter.Losses.ValueLoss.mean": {
            "value": 0.0008800251719768195,
            "min": 0.0008800251719768195,
            "max": 0.0008800251719768195,
            "count": 1
        },
        "Shooter.Losses.ValueLoss.sum": {
            "value": 0.03432098170709596,
            "min": 0.03432098170709596,
            "max": 0.03432098170709596,
            "count": 1
        },
        "Shooter.Policy.LearningRate.mean": {
            "value": 0.00029617192435294875,
            "min": 0.00029617192435294875,
            "max": 0.00029617192435294875,
            "count": 1
        },
        "Shooter.Policy.LearningRate.sum": {
            "value": 0.011550705049765,
            "min": 0.011550705049765,
            "max": 0.011550705049765,
            "count": 1
        },
        "Shooter.Policy.Epsilon.mean": {
            "value": 0.19872397435897435,
            "min": 0.19872397435897435,
            "max": 0.19872397435897435,
            "count": 1
        },
        "Shooter.Policy.Epsilon.sum": {
            "value": 7.750234999999999,
            "min": 7.750234999999999,
            "max": 7.750234999999999,
            "count": 1
        },
        "Shooter.Policy.Beta.mean": {
            "value": 0.0005000000000000001,
            "min": 0.0005000000000000001,
            "max": 0.0005000000000000001,
            "count": 1
        },
        "Shooter.Policy.Beta.sum": {
            "value": 0.019500000000000003,
            "min": 0.019500000000000003,
            "max": 0.019500000000000003,
            "count": 1
        },
        "Shooter.Environment.EpisodeLength.mean": {
            "value": 150.8,
            "min": 150.8,
            "max": 150.8,
            "count": 1
        },
        "Shooter.Environment.EpisodeLength.sum": {
            "value": 754.0,
            "min": 754.0,
            "max": 754.0,
            "count": 1
        },
        "Shooter.Environment.CumulativeReward.mean": {
            "value": 0.020000000298023225,
            "min": 0.020000000298023225,
            "max": 0.020000000298023225,
            "count": 1
        },
        "Shooter.Environment.CumulativeReward.sum": {
            "value": 0.10000000149011612,
            "min": 0.10000000149011612,
            "max": 0.10000000149011612,
            "count": 1
        },
        "Shooter.Policy.ExtrinsicReward.mean": {
            "value": 0.020000000298023225,
            "min": 0.020000000298023225,
            "max": 0.020000000298023225,
            "count": 1
        },
        "Shooter.Policy.ExtrinsicReward.sum": {
            "value": 0.10000000149011612,
            "min": 0.10000000149011612,
            "max": 0.10000000149011612,
            "count": 1
        },
        "Shooter.IsTraining.mean": {
            "value": 1.0,
            "min": 1.0,
            "max": 1.0,
            "count": 1
        },
        "Shooter.IsTraining.sum": {
            "value": 1.0,
            "min": 1.0,
            "max": 1.0,
            "count": 1
        }
    },
    "metadata": {
        "timer_format_version": "0.1.0",
        "start_time_seconds": "1654347626",
        "python_version": "3.9.2 (tags/v3.9.2:1a79785, Feb 19 2021, 13:44:55) [MSC v.1928 64 bit (AMD64)]",
        "command_line_arguments": "C:\\Users\\selle\\AppData\\Roaming\\Python\\Python39\\Scripts\\mlagents-learn config/Shooter.yaml --run-id=Test46",
        "mlagents_version": "0.28.0",
        "mlagents_envs_version": "0.28.0",
        "communication_protocol_version": "1.5.0",
        "pytorch_version": "1.7.1+cu110",
        "numpy_version": "1.20.1",
        "end_time_seconds": "1654347731"
    },
    "total": 105.0085292,
    "count": 1,
    "self": 0.005622299999998859,
    "children": {
        "run_training.setup": {
            "total": 0.09834549999999997,
            "count": 1,
            "self": 0.09834549999999997
        },
        "TrainerController.start_learning": {
            "total": 104.9045614,
            "count": 1,
            "self": 0.17144410000014432,
            "children": {
                "TrainerController._reset_env": {
                    "total": 5.8991884,
                    "count": 1,
                    "self": 5.8991884
                },
                "TrainerController.advance": {
                    "total": 98.76133419999987,
                    "count": 10039,
                    "self": 0.14937029999997264,
                    "children": {
                        "env_step": {
                            "total": 85.43045339999998,
                            "count": 10039,
                            "self": 78.21530399999959,
                            "children": {
                                "SubprocessEnvManager._take_step": {
                                    "total": 7.100008800000283,
                                    "count": 10039,
                                    "self": 0.5689953000006538,
                                    "children": {
                                        "TorchPolicy.evaluate": {
                                            "total": 6.531013499999629,
                                            "count": 10034,
                                            "self": 1.4724347999996175,
                                            "children": {
                                                "TorchPolicy.sample_actions": {
                                                    "total": 5.0585787000000115,
                                                    "count": 10034,
                                                    "self": 5.0585787000000115
                                                }
                                            }
                                        }
                                    }
                                },
                                "workers": {
                                    "total": 0.11514060000009874,
                                    "count": 10038,
                                    "self": 0.0,
                                    "children": {
                                        "worker_root": {
                                            "total": 94.33585209999923,
                                            "count": 10038,
                                            "is_parallel": true,
                                            "self": 29.610614699999374,