{
    "name": "root",
    "metadata": {
        "timer_format_version": "0.1.0",
        "start_time_seconds": "1652777281",
        "python_version": "3.9.2 (tags/v3.9.2:1a79785, Feb 19 2021, 13:44:55) [MSC v.1928 64 bit (AMD64)]",
        "command_line_arguments": "C:\\Users\\selle\\AppData\\Roaming\\Python\\Python39\\Scripts\\mlagents-learn config/Shooter.yaml --run-id=Test1",
        "mlagents_version": "0.28.0",
        "mlagents_envs_version": "0.28.0",
        "communication_protocol_version": "1.5.0",
        "pytorch_version": "1.7.1+cu110",
        "numpy_version": "1.20.1",
        "end_time_seconds": "1652777313"
    },
    "total": 32.3284187,
    "count": 1,
    "self": 0.0054767000000026655,
    "children": {
        "run_training.setup": {
            "total": 0.21289209999999947,
            "count": 1,
            "self": 0.21289209999999947
        },
        "TrainerController.start_learning": {
            "total": 32.1100499,
            "count": 1,
            "self": 0.005544500000020491,
            "children": {
                "TrainerController._reset_env": {
                    "total": 21.5457371,
                    "count": 1,
                    "self": 21.5457371
                },
                "TrainerController.advance": {
                    "total": 10.376320699999976,
                    "count": 271,
                    "self": 0.003991099999964831,
                    "children": {
                        "env_step": {
                            "total": 8.712886900000015,
                            "count": 271,
                            "self": 8.11760500000008,
                            "children": {
                                "SubprocessEnvManager._take_step": {
                                    "total": 0.5909013999999679,
                                    "count": 271,
                                    "self": 0.014127599999977036,
                                    "children": {
                                        "TorchPolicy.evaluate": {
                                            "total": 0.5767737999999909,
                                            "count": 271,
                                            "self": 0.0834422999999731,
                                            "children": {
                                                "TorchPolicy.sample_actions": {
                                                    "total": 0.4933315000000178,
                                                    "count": 271,
                                                    "self": 0.4933315000000178
                                                }
                                            }
                                        }
                                    }
                                },
                                "workers": {
                                    "total": 0.004380499999967924,
                                    "count": 270,
                                    "self": 0.0,
                                    "children": {
                                        "worker_root": {
                                            "total": 6.879050799999995,
                                            "count": 270,
                                            "is_parallel": true,
                                            "self": 2.6383911000000104,
                                            "children": {
                                                "steps_from_proto": {
                                                    "total": 0.034155299999998334,
                                                    "count": 1,
                                                    "is_parallel": true,
                                                    "self": 0.0002133000000021923,
                                                    "children": {
                                                        "_process_maybe_compressed_observation": {
                                                            "total": 0.03386139999999571,
                                                            "count": 2,
                                                            "is_parallel": true,
                                                            "self": 4.199999999698889e-05,
                                                            "children": {
                                                                "_observation_to_np_array": {
                                                                    "total": 0.03381939999999872,
                                                                    "count": 1,
                                                                    "is_parallel": true,
                                                                    "self": 3.9699999998532576e-05,
                                                                    "children": {
                                                                        "process_pixels": {
                                                                            "total": 0.03377970000000019,
                                                                            "count": 1,
                                                                            "is_parallel": true,
                                                                            "self": 0.0008299999999969998,
                                                                            "children": {
                                                                                "image_decompress": {
                                                                                    "total": 0.03294970000000319,
                                                                                    "count": 2,
                                                                                    "is_parallel": true,
                                                                                    "self": 0.03294970000000319
                                                                                }
                                                                            }
                                                                        }
                                                                    }
                                                                }
                                                            }
                                                        },
                                                        "_process_rank_one_or_two_observation": {
                                                            "total": 8.060000000043033e-05,
                                                            "count": 2,
                                                            "is_parallel": true,
                                                            "self": 8.060000000043033e-05
                                                        }
                                                    }
                                                },
                                                "UnityEnvironment.step": {
                                                    "total": 4.206504399999986,
                                                    "count": 270,
                                                    "is_parallel": true,
                                                    "self": 0.024682200000043508,
                                                    "children": {
                                                        "UnityEnvironment._generate_step_input": {
                                                            "total": 0.02581149999996768,
                                                            "count": 270,
                                                            "is_parallel": true,