{
    "name": "root",
    "metadata": {
        "timer_format_version": "0.1.0",
        "start_time_seconds": "1654628773",
        "python_version": "3.9.2 (tags/v3.9.2:1a79785, Feb 19 2021, 13:44:55) [MSC v.1928 64 bit (AMD64)]",
        "command_line_arguments": "C:\\Users\\selle\\AppData\\Roaming\\Python\\Python39\\Scripts\\mlagents-learn config/Shooter.yaml --run-id=Test61",
        "mlagents_version": "0.28.0",
        "mlagents_envs_version": "0.28.0",
        "communication_protocol_version": "1.5.0",
        "pytorch_version": "1.7.1+cu110",
        "numpy_version": "1.20.1",
        "end_time_seconds": "1654628819"
    },
    "total": 45.8979012,
    "count": 1,
    "self": 0.006163899999997113,
    "children": {
        "run_training.setup": {
            "total": 0.08919710000000003,
            "count": 1,
            "self": 0.08919710000000003
        },
        "TrainerController.start_learning": {
            "total": 45.8025402,
            "count": 1,
            "self": 0.028956799999988903,
            "children": {
                "TrainerController._reset_env": {
                    "total": 4.1010748,
                    "count": 1,
                    "self": 4.1010748
                },
                "TrainerController.advance": {
                    "total": 41.598764500000016,
                    "count": 1595,
                    "self": 0.024300600000046302,
                    "children": {
                        "env_step": {
                            "total": 39.4430206,
                            "count": 1595,
                            "self": 38.306646599999986,
                            "children": {
                                "SubprocessEnvManager._take_step": {
                                    "total": 1.1192659000000358,
                                    "count": 1595,
                                    "self": 0.08927350000015455,
                                    "children": {
                                        "TorchPolicy.evaluate": {
                                            "total": 1.0299923999998812,
                                            "count": 1591,
                                            "self": 0.23197909999987054,
                                            "children": {
                                                "TorchPolicy.sample_actions": {
                                                    "total": 0.7980133000000107,
                                                    "count": 1591,
                                                    "self": 0.7980133000000107
                                                }
                                            }
                                        }
                                    }
                                },
                                "workers": {
                                    "total": 0.017108099999972204,
                                    "count": 1594,
                                    "self": 0.0,
                                    "children": {
                                        "worker_root": {
                                            "total": 12.057432700000023,
                                            "count": 1594,
                                            "is_parallel": true,
                                            "self": 4.497466700000003,
                                            "children": {
                                                "steps_from_proto": {
                                                    "total": 0.00035309999999988406,
                                                    "count": 1,
                                                    "is_parallel": true,
                                                    "self": 0.00011159999999943437,
                                                    "children": {
                                                        "_process_rank_one_or_two_observation": {
                                                            "total": 0.0002415000000004497,
                                                            "count": 6,
                                                            "is_parallel": true,
                                                            "self": 0.0002415000000004497
                                                        }
                                                    }
                                                },
                                                "UnityEnvironment.step": {
                                                    "total": 7.55961290000002,
                                                    "count": 1594,
                                                    "is_parallel": true,
                                                    "self": 0.13232289999998592,
                                                    "children": {
                                                        "UnityEnvironment._generate_step_input": {
                                                            "total": 0.0979210000000581,
                                                            "count": 1594,
                                                            "is_parallel": true,
                                                            "self": 0.0979210000000581
                                                        },
                                                        "communicator.exchange": {
                                                            "total": 6.875562799999998,
                                                            "count": 1594,
                                                            "is_parallel": true,
                                                            "self": 6.875562799999998
                                                        },
                                                        "steps_from_proto": {
                                                            "total": 0.4538061999999776,
                                                            "count": 1594,
                                                            "is_parallel": true,
                                                            "self": 0.17097679999994764,
                                                            "children": {
                                                                "_process_rank_one_or_two_observation": {
                                                                    "total": 0.28282940000003,
                                                                    "count": 9564,
                                                                    "is_parallel": true,
                                                                    "self": 0.28282940000003
                                                                }
                                                            }
                                                        }
                                                    }
                                                }
                                            }
                                        }
                                    }
                                }
                            }
                        },
                        "trainer_advance": {
                            "total": 2.131443299999976,
                            "count": 1594,
                            "self": 0.037760799999934314,
                            "children": {
                                "process_trajectory": {
                                    "total": 0.1256518000000426,
                                    "count": 1594,
                                    "self": 0.1256518000000426
                                },
                                "_update_policy": {
                                    "total": 1.968030699999999,