{
    "name": "root",
    "gauges": {
        "Shooter.Policy.Entropy.mean": {
            "value": 1.4183491468429565,
            "min": 1.4183491468429565,
            "max": 1.4183491468429565,
            "count": 1
        },
        "Shooter.Policy.Entropy.sum": {
            "value": 7090.32763671875,
            "min": 7090.32763671875,
            "max": 7090.32763671875,
            "count": 1
        },
        "Shooter.Environment.EpisodeLength.mean": {
            "value": 2.668378576669112,
            "min": 2.668378576669112,
            "max": 2.668378576669112,
            "count": 1
        },
        "Shooter.Environment.EpisodeLength.sum": {
            "value": 3637.0,
            "min": 3637.0,
            "max": 3637.0,
            "count": 1
        },
        "Shooter.Step.mean": {
            "value": 4999.0,
            "min": 4999.0,
            "max": 4999.0,
            "count": 1
        },
        "Shooter.Step.sum": {
            "value": 4999.0,
            "min": 4999.0,
            "max": 4999.0,
            "count": 1
        },
        "Shooter.Policy.ExtrinsicValueEstimate.mean": {
            "value": -0.0415385365486145,
            "min": -0.0415385365486145,
            "max": -0.0415385365486145,
            "count": 1
        },
        "Shooter.Policy.ExtrinsicValueEstimate.sum": {
            "value": -56.741641998291016,
            "min": -56.741641998291016,
            "max": -56.741641998291016,
            "count": 1
        },
        "Shooter.Environment.CumulativeReward.mean": {
            "value": 0.02716593415354667,
            "min": 0.02716593415354667,
            "max": 0.02716593415354667,
            "count": 1
        },
        "Shooter.Environment.CumulativeReward.sum": {
            "value": 37.000002317130566,
            "min": 37.000002317130566,
            "max": 37.000002317130566,
            "count": 1
        },
        "Shooter.Policy.ExtrinsicReward.mean": {
            "value": 0.02716593415354667,
            "min": 0.02716593415354667,
            "max": 0.02716593415354667,
            "count": 1
        },
        "Shooter.Policy.ExtrinsicReward.sum": {
            "value": 37.000002317130566,
            "min": 37.000002317130566,
            "max": 37.000002317130566,
            "count": 1
        },
        "Shooter.Losses.PolicyLoss.mean": {
            "value": 0.23316106240021,
            "min": 0.23316106240021,
            "max": 0.23316106240021,
            "count": 1
        },
        "Shooter.Losses.PolicyLoss.sum": {
            "value": 10.49224780800945,
            "min": 10.49224780800945,
            "max": 10.49224780800945,
            "count": 1
        },
        "Shooter.Losses.ValueLoss.mean": {
            "value": 0.07841759688896849,
            "min": 0.07841759688896849,
            "max": 0.07841759688896849,
            "count": 1
        },
        "Shooter.Losses.ValueLoss.sum": {
            "value": 3.5287918600035817,
            "min": 3.5287918600035817,
            "max": 3.5287918600035817,
            "count": 1
        },
        "Shooter.Policy.LearningRate.mean": {
            "value": 0.00029609553463482216,
            "min": 0.00029609553463482216,
            "max": 0.00029609553463482216,
            "count": 1
        },
        "Shooter.Policy.LearningRate.sum": {
            "value": 0.013324299058566998,
            "min": 0.013324299058566998,
            "max": 0.013324299058566998,
            "count": 1
        },
        "Shooter.Policy.Epsilon.mean": {
            "value": 0.19869851111111111,
            "min": 0.19869851111111111,
            "max": 0.19869851111111111,
            "count": 1
        },
        "Shooter.Policy.Epsilon.sum": {
            "value": 8.941433,
            "min": 8.941433,
            "max": 8.941433,
            "count": 1
        },
        "Shooter.Policy.Beta.mean": {
            "value": 0.0005000000000000001,
            "min": 0.0005000000000000001,
            "max": 0.0005000000000000001,
            "count": 1
        },
        "Shooter.Policy.Beta.sum": {
            "value": 0.022500000000000006,
            "min": 0.022500000000000006,
            "max": 0.022500000000000006,
            "count": 1
        },
        "Shooter.IsTraining.mean": {
            "value": 1.0,
            "min": 1.0,
            "max": 1.0,
            "count": 1
        },
        "Shooter.IsTraining.sum": {
            "value": 1.0,
            "min": 1.0,
            "max": 1.0,
            "count": 1
        }
    },
    "metadata": {
        "timer_format_version": "0.1.0",
        "start_time_seconds": "1653380776",
        "python_version": "3.9.2 (tags/v3.9.2:1a79785, Feb 19 2021, 13:44:55) [MSC v.1928 64 bit (AMD64)]",
        "command_line_arguments": "C:\\Users\\selle\\AppData\\Roaming\\Python\\Python39\\Scripts\\mlagents-learn config/Shooter.yaml --run-id=Test21",
        "mlagents_version": "0.28.0",
        "mlagents_envs_version": "0.28.0",
        "communication_protocol_version": "1.5.0",
        "pytorch_version": "1.7.1+cu110",
        "numpy_version": "1.20.1",
        "end_time_seconds": "1653381030"
    },
    "total": 253.4170518,
    "count": 1,
    "self": 0.00533839999999941,
    "children": {
        "run_training.setup": {
            "total": 0.09610940000000001,
            "count": 1,
            "self": 0.09610940000000001
        },
        "TrainerController.start_learning": {
            "total": 253.315604,
            "count": 1,
            "self": 0.2919991000004245,
            "children": {
                "TrainerController._reset_env": {
                    "total": 17.1788125,
                    "count": 1,
                    "self": 17.1788125
                },
                "TrainerController.advance": {
                    "total": 235.72015369999957,
                    "count": 13599,
                    "self": 0.1990604999991774,
                    "children": {
                        "env_step": {
                            "total": 168.34917410000028,
                            "count": 13599,
                            "self": 155.88208929999905,
                            "children": {
                                "SubprocessEnvManager._take_step": {
                                    "total": 12.243555600000718,
                                    "count": 13600,
                                    "self": 0.6220289000003696,
                                    "children": {
                                        "TorchPolicy.evaluate": {
                                            "total": 11.621526700000349,
                                            "count": 8632,
                                            "self": 1.4598565000005799,
                                            "children": {
                                                "TorchPolicy.sample_actions": {
                                                    "total": 10.161670199999769,
                                                    "count": 8632,
                                                    "self": 10.161670199999769
                                                }
                                            }
                                        }
                                    }
                                },
                                "workers": {
                                    "total": 0.22352920000049892,
                                    "count": 13598,
                                    "self": 0.0,
                                    "children": {
                                        "worker_root": {
                                            "total": 214.39863249999905,
                                            "count": 13598,
                                            "is_parallel": true,
                                            "self": 95.11814999999844,