{
    "name": "root",
    "metadata": {
        "timer_format_version": "0.1.0",
        "start_time_seconds": "1653386244",
        "python_version": "3.9.2 (tags/v3.9.2:1a79785, Feb 19 2021, 13:44:55) [MSC v.1928 64 bit (AMD64)]",
        "command_line_arguments": "C:\\Users\\selle\\AppData\\Roaming\\Python\\Python39\\Scripts\\mlagents-learn config/Shooter.yaml --run-id=Test31",
        "mlagents_version": "0.28.0",
        "mlagents_envs_version": "0.28.0",
        "communication_protocol_version": "1.5.0",
        "pytorch_version": "1.7.1+cu110",
        "numpy_version": "1.20.1",
        "end_time_seconds": "1653386272"
    },
    "total": 27.8404097,
    "count": 1,
    "self": 0.005975899999999257,
    "children": {
        "run_training.setup": {
            "total": 0.10098929999999995,
            "count": 1,
            "self": 0.10098929999999995
        },
        "TrainerController.start_learning": {
            "total": 27.7334445,
            "count": 1,
            "self": 0.04335879999995029,
            "children": {
                "TrainerController._reset_env": {
                    "total": 4.5452097,
                    "count": 1,
                    "self": 4.5452097
                },
                "TrainerController.advance": {
                    "total": 23.08045740000005,
                    "count": 2437,
                    "self": 0.038873000000052116,
                    "children": {
                        "env_step": {
                            "total": 20.041304800000045,
                            "count": 2437,
                            "self": 18.32436960000004,
                            "children": {
                                "SubprocessEnvManager._take_step": {
                                    "total": 1.6900677999999916,
                                    "count": 2437,
                                    "self": 0.13835150000000063,
                                    "children": {
                                        "TorchPolicy.evaluate": {
                                            "total": 1.551716299999991,
                                            "count": 2437,
                                            "self": 0.3530537000000251,
                                            "children": {
                                                "TorchPolicy.sample_actions": {
                                                    "total": 1.1986625999999658,
                                                    "count": 2437,
                                                    "self": 1.1986625999999658
                                                }
                                            }
                                        }
                                    }
                                },
                                "workers": {
                                    "total": 0.026867400000013753,
                                    "count": 2436,
                                    "self": 0.0,
                                    "children": {
                                        "worker_root": {
                                            "total": 20.854002800000078,
                                            "count": 2436,
                                            "is_parallel": true,
                                            "self": 6.890532200000102,
                                            "children": {
                                                "steps_from_proto": {
                                                    "total": 0.00028429999999968203,
                                                    "count": 1,
                                                    "is_parallel": true,
                                                    "self": 9.930000000046846e-05,
                                                    "children": {
                                                        "_process_rank_one_or_two_observation": {
                                                            "total": 0.00018499999999921357,
                                                            "count": 4,
                                                            "is_parallel": true,
                                                            "self": 0.00018499999999921357
                                                        }
                                                    }
                                                },
                                                "UnityEnvironment.step": {
                                                    "total": 13.963186299999975,
                                                    "count": 2436,
                                                    "is_parallel": true,
                                                    "self": 0.20525189999991156,
                                                    "children": {
                                                        "UnityEnvironment._generate_step_input": {
                                                            "total": 0.19808089999995815,
                                                            "count": 2436,
                                                            "is_parallel": true,
                                                            "self": 0.19808089999995815
                                                        },
                                                        "communicator.exchange": {
                                                            "total": 12.950412000000071,
                                                            "count": 2436,
                                                            "is_parallel": true,
                                                            "self": 12.950412000000071
                                                        },
                                                        "steps_from_proto": {
                                                            "total": 0.6094415000000346,
                                                            "count": 2436,
                                                            "is_parallel": true,
                                                            "self": 0.2460608000001434,
                                                            "children": {
                                                                "_process_rank_one_or_two_observation": {
                                                                    "total": 0.3633806999998912,
                                                                    "count": 9744,
                                                                    "is_parallel": true,
                                                                    "self": 0.3633806999998912
                                                                }
                                                            }
                                                        }
                                                    }
                                                }
                                            }
                                        }
                                    }
                                }
                            }
                        },
                        "trainer_advance": {
                            "total": 3.0002795999999528,
                            "count": 2436,
                            "self": 0.05692979999993053,
                            "children": {
                                "process_trajectory": {
                                    "total": 0.14652890000001673,
                                    "count": 2436,
                                    "self": 0.14652890000001673
                                },