{
    "name": "root",
    "gauges": {
        "Shooter.Policy.Entropy.mean": {
            "value": 1.4116411209106445,
            "min": 1.4116411209106445,
            "max": 1.4116411209106445,
            "count": 1
        },
        "Shooter.Policy.Entropy.sum": {
            "value": 7072.322265625,
            "min": 7072.322265625,
            "max": 7072.322265625,
            "count": 1
        },
        "Shooter.Environment.EpisodeLength.mean": {
            "value": 58.642857142857146,
            "min": 58.642857142857146,
            "max": 58.642857142857146,
            "count": 1
        },
        "Shooter.Environment.EpisodeLength.sum": {
            "value": 4926.0,
            "min": 4926.0,
            "max": 4926.0,
            "count": 1
        },
        "Shooter.Step.mean": {
            "value": 4976.0,
            "min": 4976.0,
            "max": 4976.0,
            "count": 1
        },
        "Shooter.Step.sum": {
            "value": 4976.0,
            "min": 4976.0,
            "max": 4976.0,
            "count": 1
        },
        "Shooter.Policy.ExtrinsicValueEstimate.mean": {
            "value": 0.33170297741889954,
            "min": 0.33170297741889954,
            "max": 0.33170297741889954,
            "count": 1
        },
        "Shooter.Policy.ExtrinsicValueEstimate.sum": {
            "value": 38.80924987792969,
            "min": 38.80924987792969,
            "max": 38.80924987792969,
            "count": 1
        },
        "Shooter.Environment.CumulativeReward.mean": {
            "value": 0.0,
            "min": 0.0,
            "max": 0.0,
            "count": 1
        },
        "Shooter.Environment.CumulativeReward.sum": {
            "value": 0.0,
            "min": 0.0,
            "max": 0.0,
            "count": 1
        },
        "Shooter.Policy.ExtrinsicReward.mean": {
            "value": 0.0,
            "min": 0.0,
            "max": 0.0,
            "count": 1
        },
        "Shooter.Policy.ExtrinsicReward.sum": {
            "value": 0.0,
            "min": 0.0,
            "max": 0.0,
            "count": 1
        },
        "Shooter.Losses.PolicyLoss.mean": {
            "value": 0.24990099941747412,
            "min": 0.24990099941747412,
            "max": 0.24990099941747412,
            "count": 1
        },
        "Shooter.Losses.PolicyLoss.sum": {
            "value": 9.996039976698965,
            "min": 9.996039976698965,
            "max": 9.996039976698965,
            "count": 1
        },
        "Shooter.Losses.ValueLoss.mean": {
            "value": 0.10885508388003015,
            "min": 0.10885508388003015,
            "max": 0.10885508388003015,
            "count": 1
        },
        "Shooter.Losses.ValueLoss.sum": {
            "value": 4.354203355201206,
            "min": 4.354203355201206,
            "max": 4.354203355201206,
            "count": 1
        },
        "Shooter.Policy.LearningRate.mean": {
            "value": 0.00029624182625272497,
            "min": 0.00029624182625272497,
            "max": 0.00029624182625272497,
            "count": 1
        },
        "Shooter.Policy.LearningRate.sum": {
            "value": 0.011849673050108998,
            "min": 0.011849673050108998,
            "max": 0.011849673050108998,
            "count": 1
        },
        "Shooter.Policy.Epsilon.mean": {
            "value": 0.198747275,
            "min": 0.198747275,
            "max": 0.198747275,
            "count": 1
        },
        "Shooter.Policy.Epsilon.sum": {
            "value": 7.949891,
            "min": 7.949891,
            "max": 7.949891,
            "count": 1
        },
        "Shooter.Policy.Beta.mean": {
            "value": 0.0005,
            "min": 0.0005,
            "max": 0.0005,
            "count": 1
        },
        "Shooter.Policy.Beta.sum": {
            "value": 0.02,
            "min": 0.02,
            "max": 0.02,
            "count": 1
        },
        "Shooter.IsTraining.mean": {
            "value": 1.0,
            "min": 1.0,
            "max": 1.0,
            "count": 1
        },
        "Shooter.IsTraining.sum": {
            "value": 1.0,
            "min": 1.0,
            "max": 1.0,
            "count": 1
        }
    },
    "metadata": {
        "timer_format_version": "0.1.0",
        "start_time_seconds": "1652778083",
        "python_version": "3.9.2 (tags/v3.9.2:1a79785, Feb 19 2021, 13:44:55) [MSC v.1928 64 bit (AMD64)]",
        "command_line_arguments": "C:\\Users\\selle\\AppData\\Roaming\\Python\\Python39\\Scripts\\mlagents-learn config/Shooter.yaml --run-id=Test4",
        "mlagents_version": "0.28.0",
        "mlagents_envs_version": "0.28.0",
        "communication_protocol_version": "1.5.0",
        "pytorch_version": "1.7.1+cu110",
        "numpy_version": "1.20.1",
        "end_time_seconds": "1652778246"
    },
    "total": 163.19825260000002,
    "count": 1,
    "self": 0.0055507000000147855,
    "children": {
        "run_training.setup": {
            "total": 0.0905376,
            "count": 1,
            "self": 0.0905376
        },
        "TrainerController.start_learning": {
            "total": 163.1021643,
            "count": 1,
            "self": 0.13740800000024933,
            "children": {
                "TrainerController._reset_env": {
                    "total": 5.8755918000000005,
                    "count": 1,
                    "self": 5.8755918000000005
                },
                "TrainerController.advance": {
                    "total": 156.94644469999977,
                    "count": 8026,
                    "self": 0.1193073999985188,
                    "children": {
                        "env_step": {
                            "total": 107.10734350000081,
                            "count": 8026,
                            "self": 91.99818260000158,
                            "children": {
                                "SubprocessEnvManager._take_step": {
                                    "total": 14.983830200000295,
                                    "count": 8026,
                                    "self": 0.4160544000005295,
                                    "children": {
                                        "TorchPolicy.evaluate": {
                                            "total": 14.567775799999765,
                                            "count": 7887,
                                            "self": 2.3939649999999872,
                                            "children": {
                                                "TorchPolicy.sample_actions": {
                                                    "total": 12.173810799999778,
                                                    "count": 7887,
                                                    "self": 12.173810799999778
                                                }
                                            }
                                        }
                                    }
                                },
                                "workers": {
                                    "total": 0.12533069999892454,
                                    "count": 8025,
                                    "self": 0.0,
                                    "children": {
                                        "worker_root": {
                                            "total": 152.43096859999966,
                                            "count": 8025,
                                            "is_parallel": true,
                                            "self": 75.09079719999954,
                                            "children": {
                                                "steps_from_proto": {
                                                    "total": 0.016558599999999757,
                                                    "count": 1,